id,parent,tagname,depth,childcount,sourceline,sourcepct,pospct,xpct,x,y,wid,hght,fgcolor,bgcolor,textxws,textlen,htmllen,visible,xpath,textclip,goodness
0,None,html,9,1,1,0.00255754475703,0.00214132762313,0.0,0,0,1920,7080.21875,"rgb(0,0,0)","rgb(248,248,248)",2231,2319,63217,1,/html,關於我們 作者群 時事觀察 公共政策 社... Reserved.,0
78,0,body,8,1,1,0.00255754475703,0.169164882227,0.0,0,0,1920,7080.21875,"rgb(0,0,0)","rgba(0,0,0,0)",2231,2319,32866,1,/html/body,關於我們 作者群 時事觀察 公共政策 社... Reserved.,0
79,78,div,2,1,2,0.00511508951407,0.17130620985,0.0,0,0,0,0,"rgb(0,0,0)","rgb(255,255,255)",98,121,1865,0,/html/body/div[1],今日新聞 生活資訊 元氣網 NBA台灣 ...務條款 刊登網站廣告,0
80,79,a,1,1,3,0.0076726342711,0.173447537473,0.0,0,0,0,0,"rgb(102,102,102)","rgba(0,0,0,0)",4,4,72,1,/html/body/div[1]/a[1],今日新聞,0
81,80,span,0,1,3,0.0076726342711,0.175588865096,0.0,0,0,0,0,"rgb(214,214,214)","rgba(0,0,0,0)",0,0,39,1,/html/body/div[1]/a[1]/span,,0
82,79,a,1,1,4,0.0102301790281,0.177730192719,0.0,0,0,0,0,"rgb(102,102,102)","rgba(0,0,0,0)",4,4,81,1,/html/body/div[1]/a[2],生活資訊,0
83,82,span,0,1,4,0.0102301790281,0.179871520343,0.0,0,0,0,0,"rgb(214,214,214)","rgba(0,0,0,0)",0,0,39,1,/html/body/div[1]/a[2]/span,,0
84,79,a,1,1,5,0.0127877237852,0.182012847966,0.0,0,0,0,0,"rgb(102,102,102)","rgba(0,0,0,0)",3,3,78,1,/html/body/div[1]/a[3],元氣網,0
85,84,span,0,1,5,0.0127877237852,0.184154175589,0.0,0,0,0,0,"rgb(214,214,214)","rgba(0,0,0,0)",0,0,39,1,/html/body/div[1]/a[3]/span,,0
86,79,a,1,1,6,0.0153452685422,0.186295503212,0.0,0,0,0,0,"rgb(102,102,102)","rgba(0,0,0,0)",5,5,77,1,/html/body/div[1]/a[4],NBA台灣,0
87,86,span,0,1,6,0.0153452685422,0.188436830835,0.0,0,0,0,0,"rgb(214,214,214)","rgba(0,0,0,0)",0,0,39,1,/html/body/div[1]/a[4]/span,,0
88,79,a,1,1,7,0.0179028132992,0.190578158458,0.0,0,0,0,0,"rgb(102,102,102)","rgba(0,0,0,0)",5,5,79,1,/html/body/div[1]/a[5],追星圖擊隊,0
89,88,span,0,1,7,0.0179028132992,0.192719486081,0.0,0,0,0,0,"rgb(214,214,214)","rgba(0,0,0,0)",0,0,39,1,/html/body/div[1]/a[5]/span,,0
90,79,a,1,1,8,0.0204603580563,0.194860813704,0.0,0,0,0,0,"rgb(102,102,102)","rgba(0,0,0,0)",4,4,79,1,/html/body/div[1]/a[6],願景工程,0
91,90,span,0,1,8,0.0204603580563,0.197002141328,0.0,0,0,0,0,"rgb(214,214,214)","rgba(0,0,0,0)",0,0,39,1,/html/body/div[1]/a[6]/span,,0
92,79,a,1,1,9,0.0230179028133,0.199143468951,0.0,0,0,0,0,"rgb(102,102,102)","rgba(0,0,0,0)",4,4,78,1,/html/body/div[1]/a[7],發燒車訊,0
93,92,span,0,1,9,0.0230179028133,0.201284796574,0.0,0,0,0,0,"rgb(214,214,214)","rgba(0,0,0,0)",0,0,39,1,/html/body/div[1]/a[7]/span,,0
94,79,a,1,1,10,0.0255754475703,0.203426124197,0.0,0,0,0,0,"rgb(102,102,102)","rgba(0,0,0,0)",8,8,82,1,/html/body/div[1]/a[8],udnSTYLE,0
95,94,span,0,1,10,0.0255754475703,0.20556745182,0.0,0,0,0,0,"rgb(214,214,214)","rgba(0,0,0,0)",0,0,39,1,/html/body/div[1]/a[8]/span,,0
96,79,a,1,1,11,0.0281329923274,0.207708779443,0.0,0,0,0,0,"rgb(102,102,102)","rgba(0,0,0,0)",3,3,79,1,/html/body/div[1]/a[9],鳴人堂,0
97,96,span,0,1,11,0.0281329923274,0.209850107066,0.0,0,0,0,0,"rgb(214,214,214)","rgba(0,0,0,0)",0,0,39,1,/html/body/div[1]/a[9]/span,,0
98,79,a,1,1,12,0.0306905370844,0.21199143469,0.0,0,0,0,0,"rgb(102,102,102)","rgba(0,0,0,0)",4,4,79,1,/html/body/div[1]/a[10],轉角國際,0
99,98,span,0,1,12,0.0306905370844,0.214132762313,0.0,0,0,0,0,"rgb(214,214,214)","rgba(0,0,0,0)",0,0,39,1,/html/body/div[1]/a[10]/span,,0
100,79,a,1,1,13,0.0332480818414,0.216274089936,0.0,0,0,0,0,"rgb(102,102,102)","rgba(0,0,0,0)",4,4,78,1,/html/body/div[1]/a[11],時事話題,0
101,100,span,0,1,13,0.0332480818414,0.218415417559,0.0,0,0,0,0,"rgb(214,214,214)","rgba(0,0,0,0)",0,0,39,1,/html/body/div[1]/a[11]/span,,0
102,79,a,1,1,14,0.0358056265985,0.220556745182,0.0,0,0,0,0,"rgb(102,102,102)","rgba(0,0,0,0)",5,5,79,1,/html/body/div[1]/a[12],聯合財經網,0
103,102,span,0,1,14,0.0358056265985,0.222698072805,0.0,0,0,0,0,"rgb(214,214,214)","rgba(0,0,0,0)",0,0,39,1,/html/body/div[1]/a[12]/span,,0
104,79,a,1,1,15,0.0383631713555,0.224839400428,0.0,0,0,0,0,"rgb(102,102,102)","rgba(0,0,0,0)",3,3,77,1,/html/body/div[1]/a[13],影音網,0
105,104,span,0,1,15,0.0383631713555,0.226980728051,0.0,0,0,0,0,"rgb(214,214,214)","rgba(0,0,0,0)",0,0,39,1,/html/body/div[1]/a[13]/span,,0
106,79,a,1,1,16,0.0409207161125,0.229122055675,0.0,0,0,0,0,"rgb(102,102,102)","rgba(0,0,0,0)",8,8,81,1,/html/body/div[1]/a[14],Oops!新鮮事,0
107,106,span,0,1,16,0.0409207161125,0.231263383298,0.0,0,0,0,0,"rgb(214,214,214)","rgba(0,0,0,0)",0,0,39,1,/html/body/div[1]/a[14]/span,,0
108,79,a,1,1,17,0.0434782608696,0.233404710921,0.0,0,0,0,0,"rgb(102,102,102)","rgba(0,0,0,0)",6,7,80,1,/html/body/div[1]/a[15],udn 部落格,0
109,108,span,0,1,17,0.0434782608696,0.235546038544,0.0,0,0,0,0,"rgb(214,214,214)","rgba(0,0,0,0)",0,0,39,1,/html/body/div[1]/a[15]/span,,0
110,79,a,1,1,18,0.0460358056266,0.237687366167,0.0,0,0,0,0,"rgb(102,102,102)","rgba(0,0,0,0)",2,2,75,1,/html/body/div[1]/a[16],基金,0
111,110,span,0,1,18,0.0460358056266,0.23982869379,0.0,0,0,0,0,"rgb(214,214,214)","rgba(0,0,0,0)",0,0,39,1,/html/body/div[1]/a[16]/span,,0
112,79,a,1,1,19,0.0485933503836,0.241970021413,0.0,0,0,0,0,"rgb(102,102,102)","rgba(0,0,0,0)",2,2,77,1,/html/body/div[1]/a[17],房市,0
113,112,span,0,1,19,0.0485933503836,0.244111349036,0.0,0,0,0,0,"rgb(214,214,214)","rgba(0,0,0,0)",0,0,39,1,/html/body/div[1]/a[17]/span,,0
114,79,a,1,1,20,0.0511508951407,0.24625267666,0.0,0,0,0,0,"rgb(102,102,102)","rgba(0,0,0,0)",4,4,85,1,/html/body/div[1]/a[18],我的新聞,0
115,114,span,0,1,20,0.0511508951407,0.248394004283,0.0,0,0,0,0,"rgb(214,214,214)","rgba(0,0,0,0)",0,0,39,1,/html/body/div[1]/a[18]/span,,0
116,79,a,1,1,21,0.0537084398977,0.250535331906,0.0,0,0,0,0,"rgb(102,102,102)","rgba(0,0,0,0)",6,7,95,1,/html/body/div[1]/a[19],udn APP,0
117,116,span,0,1,21,0.0537084398977,0.252676659529,0.0,0,0,0,0,"rgb(214,214,214)","rgba(0,0,0,0)",0,0,39,1,/html/body/div[1]/a[19]/span,,0
118,79,a,1,1,22,0.0562659846547,0.254817987152,0.0,0,0,0,0,"rgb(102,102,102)","rgba(0,0,0,0)",4,4,87,1,/html/body/div[1]/a[20],網站總覽,0
119,118,span,0,1,22,0.0562659846547,0.256959314775,0.0,0,0,0,0,"rgb(214,214,214)","rgba(0,0,0,0)",0,0,39,1,/html/body/div[1]/a[20]/span,,0
120,79,a,1,1,23,0.0588235294118,0.259100642398,0.0,0,0,0,0,"rgb(102,102,102)","rgba(0,0,0,0)",4,4,87,1,/html/body/div[1]/a[21],服務條款,0
121,120,span,0,1,23,0.0588235294118,0.261241970021,0.0,0,0,0,0,"rgb(214,214,214)","rgba(0,0,0,0)",0,0,39,1,/html/body/div[1]/a[21]/span,,0
122,79,a,1,1,24,0.0613810741688,0.263383297645,0.0,0,0,0,0,"rgb(102,102,102)","rgba(0,0,0,0)",6,6,89,1,/html/body/div[1]/a[22],刊登網站廣告,0
123,122,span,0,1,24,0.0613810741688,0.265524625268,0.0,0,0,0,0,"rgb(214,214,214)","rgba(0,0,0,0)",0,0,39,1,/html/body/div[1]/a[22]/span,,0
124,78,div,7,1,27,0.0690537084399,0.267665952891,0.0,0,0,1920,7080.21875,"rgb(0,0,0)","rgba(0,0,0,0)",2231,2319,28930,1,/html/body/div[2],關於我們 作者群 時事觀察 公共政策 社... Reserved.,0
125,124,div,6,1,28,0.0716112531969,0.269807280514,0.0,0,0,1920,95,"rgb(0,0,0)","rgb(238,238,238)",0,0,981,1,/html/body/div[2]/div[1],,0
126,125,div,5,1,29,0.074168797954,0.271948608137,0.1875,360,0,1200,95,"rgb(0,0,0)","rgba(0,0,0,0)",0,0,950,1,/html/body/div[2]/div[1]/div,,0
127,126,div,4,1,30,0.076726342711,0.27408993576,0.1875,360,0,1200,95,"rgb(0,0,0)","rgba(0,0,0,0)",0,0,875,1,/html/body/div[2]/div[1]/div/div,,0
128,127,div,3,1,32,0.0818414322251,0.276231263383,0.1875,360,0,1200,95,"rgb(0,0,0)","rgba(0,0,0,0)",0,0,789,1,/html/body/div[2]/div[1]/div/div/div,,0
129,128,div,2,1,33,0.0843989769821,0.278372591006,0.1875,360,0,1200,95,"rgb(0,0,0)","rgba(0,0,0,0)",0,0,761,1,/html/body/div[2]/div[1]/div/div/div/div,,0
131,129,div,1,1,37,0.0946291560102,0.282655246253,0.1875,360,0,728,90,"rgb(0,0,0)","rgba(0,0,0,0)",0,0,538,1,/html/body/div[2]/div[1]/div/div/div/div/div,,0
132,131,iframe,0,1,37,0.0946291560102,0.284796573876,0.1875,360,0,728,90,"rgb(0,0,0)","rgba(0,0,0,0)",0,0,386,1,/html/body/div[2]/div[1]/div/div/div/div/div/iframe,,0
133,124,header,3,1,43,0.109974424552,0.286937901499,0.0,0,95,1920,75,"rgb(0,0,0)","rgba(0,0,0,0)",4,4,787,1,/html/body/div[2]/header,關於我們,0
134,133,div,2,1,44,0.112531969309,0.289079229122,0.1875,360,115,1200,55,"rgb(0,0,0)","rgba(0,0,0,0)",4,4,734,1,/html/body/div[2]/header/div,關於我們,0
135,134,a,0,1,45,0.115089514066,0.291220556745,0.0,0,0,0,0,"rgb(153,153,153)","rgba(0,0,0,0)",0,0,75,0,/html/body/div[2]/header/div/a[1],,0
136,134,a,1,1,46,0.117647058824,0.293361884368,0.1875,360,147,50,22,"rgb(0,0,238)","rgba(0,0,0,0)",0,0,87,1,/html/body/div[2]/header/div/a[2],,0
137,136,img,0,1,46,0.117647058824,0.295503211991,0.1875,360,115,50,50,"rgb(0,0,238)","rgba(0,0,0,0)",0,0,58,1,/html/body/div[2]/header/div/a[2]/img,,0
138,134,a,1,1,47,0.120204603581,0.297644539615,0.216666666667,416,147,131.90625,22,"rgb(0,0,238)","rgba(0,0,0,0)",0,0,66,1,/html/body/div[2]/header/div/a[3],,0
139,138,img,0,1,47,0.120204603581,0.299785867238,0.216666666667,416,116,131.90625,49.984375,"rgb(0,0,238)","rgba(0,0,0,0)",0,0,37,1,/html/body/div[2]/header/div/a[3]/img,,0
140,134,div,1,1,55,0.140664961637,0.301927194861,0.736458333333,1414,115,136,40,"rgb(153,153,153)","rgba(0,0,0,0)",4,4,249,1,/html/body/div[2]/header/div/div,關於我們,0
141,140,input,0,1,56,0.143222506394,0.304068522484,0.0,0,0,0,0,"rgb(153,153,153)","rgb(255,255,255)",0,0,19,0,/html/body/div[2]/header/div/div/input,,0
142,140,span,0,1,57,0.145780051151,0.306209850107,0.736458333333,1414,122,22,24,"rgb(153,153,153)","rgba(0,0,0,0)",0,0,59,1,/html/body/div[2]/header/div/div/span,,0
143,140,a,0,1,58,0.148337595908,0.30835117773,0.759375,1458,122,14,24,"rgb(153,153,153)","rgba(0,0,0,0)",0,0,91,1,/html/body/div[2]/header/div/div/a[1],,0
144,140,a,0,1,59,0.150895140665,0.310492505353,0.778125,1494,124,56,24,"rgb(153,153,153)","rgba(0,0,0,0)",4,4,51,1,/html/body/div[2]/header/div/div/a[2],關於我們,0
145,124,nav,2,1,64,0.16368286445,0.312633832976,0.0,0,190,1920,44,"rgb(0,0,0)","rgb(248,248,248)",27,33,321,1,/html/body/div[2]/nav,作者群 時事觀察 公共政策 社會文化 婚姻平權 運動評論 專題總覽,0
146,145,div,1,1,65,0.166240409207,0.3147751606,0.1875,360,190,1200,43,"rgb(0,0,0)","rgba(0,0,0,0)",27,33,308,1,/html/body/div[2]/nav/div,作者群 時事觀察 公共政策 社會文化 婚姻平權 運動評論 專題總覽,0
147,146,a,0,1,66,0.168797953964,0.316916488223,0.21875,420,190,60,43,"rgb(102,102,102)","rgba(0,0,0,0)",3,3,36,1,/html/body/div[2]/nav/div/a[1],作者群,0
148,146,a,0,1,67,0.171355498721,0.319057815846,0.296875,570,190,80,43,"rgb(102,102,102)","rgba(0,0,0,0)",4,4,54,1,/html/body/div[2]/nav/div/a[2],時事觀察,0
149,146,a,0,1,68,0.173913043478,0.321199143469,0.385416666667,740,190,80,43,"rgb(102,102,102)","rgba(0,0,0,0)",4,4,36,1,/html/body/div[2]/nav/div/a[3],公共政策,0
150,146,a,0,1,69,0.176470588235,0.323340471092,0.473958333333,910,190,80,43,"rgb(102,102,102)","rgba(0,0,0,0)",4,4,36,1,/html/body/div[2]/nav/div/a[4],社會文化,0
151,146,a,0,1,70,0.179028132992,0.325481798715,0.5625,1080,190,80,43,"rgb(102,102,102)","rgba(0,0,0,0)",4,4,36,1,/html/body/div[2]/nav/div/a[5],婚姻平權,0
152,146,a,0,1,71,0.181585677749,0.327623126338,0.651041666667,1250,190,80,43,"rgb(102,102,102)","rgba(0,0,0,0)",4,4,36,1,/html/body/div[2]/nav/div/a[6],運動評論,0
153,146,a,0,1,72,0.184143222506,0.329764453961,0.739583333333,1420,190,80,43,"rgb(102,102,102)","rgba(0,0,0,0)",4,4,39,1,/html/body/div[2]/nav/div/a[7],專題總覽,0
154,124,div,2,1,76,0.194373401535,0.331905781585,0.0,0,0,0,0,"rgb(0,0,0)","rgba(0,0,0,0)",0,0,238,0,/html/body/div[2]/div[2],,0
155,154,div,1,1,78,0.199488491049,0.334047109208,0.0,0,0,0,0,"rgb(0,0,0)","rgba(0,0,0,0)",0,0,126,1,/html/body/div[2]/div[2]/div,,0
156,155,div,0,1,79,0.202046035806,0.336188436831,0.0,0,0,0,0,"rgb(0,0,0)","rgba(0,0,0,0)",0,0,98,0,/html/body/div[2]/div[2]/div/div,,0
157,124,div,6,1,85,0.217391304348,0.338329764454,0.1875,360,259,1200,6608.21875,"rgb(0,0,0)","rgba(0,0,0,0)",2106,2162,23955,1,/html/body/div[2]/div[3],《返校》的無聲叩問：人不是生而自由嗎？ ...風景 鳴人堂臉書專頁,0
158,157,div,5,1,86,0.219948849105,0.340471092077,0.1875,360,269,888,6598.21875,"rgb(0,0,0)","rgb(255,255,255)",1860,1898,17232,1,/html/body/div[2]/div[3]/div,《返校》的無聲叩問：人不是生而自由嗎？ ...家，敗在獨尊 留言區,0
159,158,main,4,1,87,0.222506393862,0.3426124197,0.1875,360,293.109375,888,3504.109375,"rgb(51,51,51)","rgba(0,0,0,0)",1757,1786,8338,1,/html/body/div[2]/div[3]/div/main,《返校》的無聲叩問：人不是生而自由嗎？ ... 時事觀察 白色恐怖,1
160,159,h1,0,1,88,0.225063938619,0.344753747323,0.213541666667,410,293.109375,788,48,"rgb(51,51,51)","rgba(0,0,0,0)",19,19,52,1,/html/body/div[2]/div[3]/div/main/h1,《返校》的無聲叩問：人不是生而自由嗎？,1
161,159,div,3,1,89,0.227621483376,0.346895074946,0.213541666667,410,365.21875,788,20,"rgb(153,153,153)","rgba(0,0,0,0)",18,22,1483,1,/html/body/div[2]/div[3]/div/main/div[1],"Cheng Lap 18 Jan, 2017",1
162,161,a,0,1,90,0.230179028133,0.34903640257,0.213541666667,410,369.21875,70,16,"rgb(153,153,153)","rgba(0,0,0,0)",8,9,64,1,/html/body/div[2]/div[3]/div/main/div[1]/a,Cheng Lap,1
163,161,time,0,1,91,0.23273657289,0.351177730193,0.2625,504,369.21875,82,16,"rgb(153,153,153)","rgba(0,0,0,0)",10,12,47,1,/html/body/div[2]/div[3]/div/main/div[1]/time,"18 Jan, 2017",1
164,161,div,2,1,92,0.235294117647,0.353319057816,0.317708333333,610,365.21875,113,20,"rgb(153,153,153)","rgba(0,0,0,0)",0,0,1321,1,/html/body/div[2]/div[3]/div/main/div[1]/div,,0
165,164,span,1,1,92,0.235294117647,0.355460385439,0.317708333333,610,365.21875,113,20,"rgb(153,153,153)","rgba(0,0,0,0)",0,0,852,1,/html/body/div[2]/div[3]/div/main/div[1]/div/span,,0
166,165,iframe,0,1,92,0.235294117647,0.357601713062,0.317708333333,610,365.21875,113,20,"rgb(153,153,153)","rgba(0,0,0,0)",0,0,779,1,/html/body/div[2]/div[3]/div/main/div[1]/div/span/iframe,,0
167,159,p,0,1,94,0.240409207161,0.359743040685,0.213541666667,410,403.21875,788,0,"rgb(51,51,51)","rgba(0,0,0,0)",0,0,7,1,/html/body/div[2]/div[3]/div/main/p[1],,1
168,159,div,3,1,94,0.240409207161,0.361884368308,0.213541666667,410,415.21875,788,0,"rgb(0,0,0)","rgba(0,0,0,0)",0,0,1003,1,/html/body/div[2]/div[3]/div/main/div[2],,0
169,168,div,2,1,94,0.240409207161,0.364025695931,0.213541666667,410,-9706.890625,0,0,"rgb(0,0,0)","rgba(0,0,0,0)",0,0,871,1,/html/body/div[2]/div[3]/div/main/div[2]/div[1],,0
170,169,div,1,1,94,0.240409207161,0.366167023555,0.213541666667,410,-9706.890625,0,304,"rgb(0,0,0)","rgba(0,0,0,0)",0,0,792,1,/html/body/div[2]/div[3]/div/main/div[2]/div[1]/div,,0
171,170,iframe,0,1,94,0.240409207161,0.368308351178,0.213541666667,410,-9706.890625,300,150,"rgb(0,0,0)","rgba(0,0,0,0)",0,0,389,1,/html/body/div[2]/div[3]/div/main/div[2]/div[1]/div/iframe[1],,0
172,170,iframe,0,1,94,0.240409207161,0.370449678801,0.213541666667,410,-9554.890625,300,150,"rgb(0,0,0)","rgba(0,0,0,0)",0,0,392,1,/html/body/div[2]/div[3]/div/main/div[2]/div[1]/div/iframe[2],,0
173,168,div,1,1,94,0.240409207161,0.372591006424,0.213541666667,410,-9706.890625,0,0,"rgb(0,0,0)","rgba(0,0,0,0)",0,0,90,1,/html/body/div[2]/div[3]/div/main/div[2]/div[2],,0
174,173,div,0,1,94,0.240409207161,0.374732334047,0.213541666667,410,-9706.890625,0,0,"rgb(0,0,0)","rgba(0,0,0,0)",0,0,11,1,/html/body/div[2]/div[3]/div/main/div[2]/div[2]/div,,0
175,159,p,1,1,94,0.240409207161,0.37687366167,0.213541666667,410,415.21875,788,0,"rgb(51,51,51)","rgba(0,0,0,0)",0,0,309,1,/html/body/div[2]/div[3]/div/main/p[2],,1
177,159,p,0,1,95,0.242966751918,0.381156316916,0.213541666667,410,415.21875,788,0,"rgb(51,51,51)","rgba(0,0,0,0)",0,0,8,1,/html/body/div[2]/div[3]/div/main/p[3],,1
178,159,div,2,1,96,0.245524296675,0.38329764454,0.213541666667,410,415.21875,788,441,"rgb(51,51,51)","rgba(0,0,0,0)",0,0,1265,1,/html/body/div[2]/div[3]/div/main/div[3],,0
179,178,span,1,1,96,0.245524296675,0.385438972163,0.213541666667,410,415.21875,788,441,"rgb(51,51,51)","rgba(0,0,0,0)",0,0,820,1,/html/body/div[2]/div[3]/div/main/div[3]/span,,0
180,179,iframe,0,1,96,0.245524296675,0.387580299786,0.213541666667,410,415.21875,788,441,"rgb(51,51,51)","rgba(0,0,0,0)",0,0,747,1,/html/body/div[2]/div[3]/div/main/div[3]/span/iframe,,0
181,159,p,0,1,96,0.245524296675,0.389721627409,0.213541666667,410,874.21875,788,0,"rgb(51,51,51)","rgba(0,0,0,0)",0,0,8,1,/html/body/div[2]/div[3]/div/main/p[4],,1
182,159,p,0,1,97,0.248081841432,0.391862955032,0.213541666667,410,886.21875,788,0,"rgb(51,51,51)","rgba(0,0,0,0)",0,0,8,1,/html/body/div[2]/div[3]/div/main/p[5],,1
183,159,p,1,1,98,0.250639386189,0.394004282655,0.213541666667,410,886.21875,788,160,"rgb(51,51,51)","rgba(0,0,0,0)",206,206,360,1,/html/body/div[2]/div[3]/div/main/p[6],《返校》PC遊戲發售以來，話題不斷，甫上...的後果大家都知道」。,1
184,183,a,0,1,99,0.253196930946,0.396145610278,0.344791666667,662,988.21875,36,20,"rgb(0,153,255)","rgba(0,0,0,0)",2,2,87,1,/html/body/div[2]/div[3]/div/main/p[6]/a[1],報導,1
185,183,a,0,1,99,0.253196930946,0.398286937901,0.466666666667,896,988.21875,72,20,"rgb(0,153,255)","rgba(0,0,0,0)",4,4,65,1,/html/body/div[2]/div[3]/div/main/p[6]/a[2],微博澄清,1
186,159,p,0,1,99,0.253196930946,0.400428265525,0.213541666667,410,1076.21875,788,0,"rgb(51,51,51)","rgba(0,0,0,0)",0,0,8,1,/html/body/div[2]/div[3]/div/main/p[7],,1
187,159,p,0,1,100,0.255754475703,0.402569593148,0.213541666667,410,1076.21875,788,128,"rgb(51,51,51)","rgba(0,0,0,0)",161,161,169,1,/html/body/div[2]/div[3]/div/main/p[8],我不去猜這個插曲背後發生了甚麼事，也沒有...透露遊戲的任何劇情。,1
188,159,p,0,1,101,0.25831202046,0.404710920771,0.213541666667,410,1234.21875,788,0,"rgb(51,51,51)","rgba(0,0,0,0)",0,0,8,1,/html/body/div[2]/div[3]/div/main/p[9],,1
189,159,p,1,1,102,0.260869565217,0.406852248394,0.213541666667,410,1234.21875,788,224,"rgb(51,51,51)","rgba(0,0,0,0)",280,280,369,1,/html/body/div[2]/div[3]/div/main/p[10],返校這款遊戲，許多主流的報導經常以戒嚴時...臺灣人的感受是甚麼。,1
190,189,a,0,1,103,0.263427109974,0.408993576017,0.476041666667,914,1368.21875,36,20,"rgb(0,153,255)","rgba(0,0,0,0)",2,2,83,1,/html/body/div[2]/div[3]/div/main/p[10]/a,前文,1
191,159,p,0,1,103,0.263427109974,0.41113490364,0.213541666667,410,1488.21875,788,0,"rgb(51,51,51)","rgba(0,0,0,0)",0,0,8,1,/html/body/div[2]/div[3]/div/main/p[11],,1
192,159,p,0,1,104,0.265984654731,0.413276231263,0.213541666667,410,1488.21875,788,32,"rgb(51,51,51)","rgba(0,0,0,0)",19,19,27,1,/html/body/div[2]/div[3]/div/main/p[12],那麼，長遠困擾著臺灣人的，到底是甚麼？,1
193,159,p,0,1,105,0.268542199488,0.415417558887,0.213541666667,410,1550.21875,788,0,"rgb(51,51,51)","rgba(0,0,0,0)",0,0,8,1,/html/body/div[2]/div[3]/div/main/p[13],,1
194,159,p,0,1,106,0.271099744246,0.41755888651,0.213541666667,410,1550.21875,788,0,"rgb(51,51,51)","rgba(0,0,0,0)",0,0,8,1,/html/body/div[2]/div[3]/div/main/p[14],,1
195,159,div,3,1,107,0.273657289003,0.419700214133,0.213541666667,410,1550.21875,788,454,"rgb(51,51,51)","rgba(0,0,0,0)",9,9,407,1,/html/body/div[2]/div[3]/div/main/div[4],圖／取自Steam,1
196,195,figure,2,1,107,0.273657289003,0.421841541756,0.215625,414,1550.21875,780,454,"rgb(51,51,51)","rgba(0,0,0,0)",9,9,371,1,/html/body/div[2]/div[3]/div/main/div[4]/figure,圖／取自Steam,1
197,196,img,0,1,107,0.273657289003,0.423982869379,0.215625,414,1550.21875,780,438,"rgb(51,51,51)","rgba(0,0,0,0)",0,0,192,1,/html/body/div[2]/div[3]/div/main/div[4]/figure/img,,1
198,196,figcaption,1,1,107,0.273657289003,0.426124197002,0.215625,414,1988.21875,780,16,"rgb(51,51,51)","rgba(0,0,0,0)",9,9,147,1,/html/body/div[2]/div[3]/div/main/div[4]/figure/figcaption,圖／取自Steam,1
199,198,a,0,1,107,0.273657289003,0.428265524625,0.244791666667,470,1988.21875,40,16,"rgb(0,153,255)","rgba(0,0,0,0)",5,5,100,1,/html/body/div[2]/div[3]/div/main/div[4]/figure/figcaption/a,Steam,1
200,159,p,0,1,107,0.273657289003,0.430406852248,0.213541666667,410,2024.21875,788,0,"rgb(51,51,51)","rgba(0,0,0,0)",0,0,8,1,/html/body/div[2]/div[3]/div/main/p[15],,1
201,159,p,0,1,108,0.27621483376,0.432548179872,0.213541666667,410,2034.21875,788,160,"rgb(51,51,51)","rgba(0,0,0,0)",202,204,212,1,/html/body/div[2]/div[3]/div/main/p[16],先想一個問題，甚麼東西最能驅使人類？有些...。一切快樂到此為止。,1
202,159,p,0,1,109,0.278772378517,0.434689507495,0.213541666667,410,2224.21875,788,0,"rgb(51,51,51)","rgba(0,0,0,0)",0,0,8,1,/html/body/div[2]/div[3]/div/main/p[17],,1
203,159,p,0,1,110,0.281329923274,0.436830835118,0.213541666667,410,2224.21875,788,128,"rgb(51,51,51)","rgba(0,0,0,0)",140,140,148,1,/html/body/div[2]/div[3]/div/main/p[18],動物也會被圈養失去自由成為牧畜，去到最後...，牠們會有何感想呢？,1
204,159,p,0,1,111,0.283887468031,0.438972162741,0.213541666667,410,2382.21875,788,0,"rgb(51,51,51)","rgba(0,0,0,0)",0,0,8,1,/html/body/div[2]/div[3]/div/main/p[19],,1
205,159,p,0,1,112,0.286445012788,0.441113490364,0.213541666667,410,2382.21875,788,160,"rgb(51,51,51)","rgba(0,0,0,0)",207,207,215,1,/html/body/div[2]/div[3]/div/main/p[20],而失去自由對動物來說，也會逐漸改變動物的...消滅了那曾經的自己。,1
206,159,p,0,1,113,0.289002557545,0.443254817987,0.213541666667,410,2572.21875,788,0,"rgb(51,51,51)","rgba(0,0,0,0)",0,0,8,1,/html/body/div[2]/div[3]/div/main/p[21],,1
207,159,p,0,1,114,0.291560102302,0.44539614561,0.213541666667,410,2572.21875,788,128,"rgb(51,51,51)","rgba(0,0,0,0)",153,153,161,1,/html/body/div[2]/div[3]/div/main/p[22],而人類比動物更可怕的是，人類一旦被恐懼所...成為世世代代的詛咒。,1
208,159,p,0,1,115,0.294117647059,0.447537473233,0.213541666667,410,2730.21875,788,0,"rgb(51,51,51)","rgba(0,0,0,0)",0,0,8,1,/html/body/div[2]/div[3]/div/main/p[23],,1
209,159,p,0,1,116,0.296675191816,0.449678800857,0.213541666667,410,2730.21875,788,128,"rgb(51,51,51)","rgba(0,0,0,0)",148,148,156,1,/html/body/div[2]/div[3]/div/main/p[24],這是返校團隊想表達的東西——至少這是我跟...論他是不是白色恐怖。,1
210,159,p,0,1,117,0.299232736573,0.45182012848,0.213541666667,410,2888.21875,788,0,"rgb(51,51,51)","rgba(0,0,0,0)",0,0,8,1,/html/body/div[2]/div[3]/div/main/p[25],,1
211,159,p,0,1,118,0.30179028133,0.453961456103,0.213541666667,410,2888.21875,788,64,"rgb(51,51,51)","rgba(0,0,0,0)",58,58,66,1,/html/body/div[2]/div[3]/div/main/p[26],這或許是那位中國實況主，說出那句話的原因...麼我們不能說出來呢？,1
212,159,p,0,1,119,0.304347826087,0.456102783726,0.213541666667,410,2982.21875,788,0,"rgb(51,51,51)","rgba(0,0,0,0)",0,0,8,1,/html/body/div[2]/div[3]/div/main/p[27],,1
213,159,p,0,1,120,0.306905370844,0.458244111349,0.213541666667,410,2982.21875,788,64,"rgb(51,51,51)","rgba(0,0,0,0)",71,71,79,1,/html/body/div[2]/div[3]/div/main/p[28],也許有很多人類，甘於當牧畜，但更多人是被...叩問，響亮，也沈重。,1
214,159,p,0,1,121,0.309462915601,0.460385438972,0.213541666667,410,3076.21875,788,0,"rgb(51,51,51)","rgba(0,0,0,0)",0,0,8,1,/html/body/div[2]/div[3]/div/main/p[29],,1
215,159,p,0,1,122,0.312020460358,0.462526766595,0.213541666667,410,3076.21875,788,0,"rgb(51,51,51)","rgba(0,0,0,0)",0,0,8,1,/html/body/div[2]/div[3]/div/main/p[30],,1
216,159,div,3,1,123,0.314578005115,0.464668094218,0.213541666667,410,3076.21875,788,454,"rgb(51,51,51)","rgba(0,0,0,0)",9,9,407,1,/html/body/div[2]/div[3]/div/main/div[5],圖／取自Steam,1
217,216,figure,2,1,123,0.314578005115,0.466809421842,0.215625,414,3076.21875,780,454,"rgb(51,51,51)","rgba(0,0,0,0)",9,9,371,1,/html/body/div[2]/div[3]/div/main/div[5]/figure,圖／取自Steam,1
218,217,img,0,1,123,0.314578005115,0.468950749465,0.215625,414,3076.21875,780,438,"rgb(51,51,51)","rgba(0,0,0,0)",0,0,192,1,/html/body/div[2]/div[3]/div/main/div[5]/figure/img,,1
219,217,figcaption,1,1,123,0.314578005115,0.471092077088,0.215625,414,3514.21875,780,16,"rgb(51,51,51)","rgba(0,0,0,0)",9,9,147,1,/html/body/div[2]/div[3]/div/main/div[5]/figure/figcaption,圖／取自Steam,1
220,219,a,0,1,123,0.314578005115,0.473233404711,0.244791666667,470,3514.21875,40,16,"rgb(0,153,255)","rgba(0,0,0,0)",5,5,100,1,/html/body/div[2]/div[3]/div/main/div[5]/figure/figcaption/a,Steam,1
221,159,p,0,1,123,0.314578005115,0.475374732334,0.213541666667,410,3550.21875,788,0,"rgb(51,51,51)","rgba(0,0,0,0)",0,0,8,1,/html/body/div[2]/div[3]/div/main/p[31],,1
222,159,p,0,1,124,0.317135549872,0.477516059957,0.213541666667,410,3560.21875,788,0,"rgb(51,51,51)","rgba(0,0,0,0)",0,0,8,1,/html/body/div[2]/div[3]/div/main/p[32],,1
223,159,p,0,1,125,0.319693094629,0.47965738758,0.213541666667,410,3560.21875,788,32,"rgb(51,51,51)","rgba(0,0,0,0)",0,0,9,1,/html/body/div[2]/div[3]/div/main/p[33],,1
224,159,p,0,1,126,0.322250639386,0.481798715203,0.213541666667,410,3622.21875,788,32,"rgb(51,51,51)","rgba(0,0,0,0)",6,6,14,1,/html/body/div[2]/div[3]/div/main/p[34],｜延伸閱讀｜,1
225,159,p,0,1,127,0.324808184143,0.483940042827,0.213541666667,410,3684.21875,788,0,"rgb(51,51,51)","rgba(0,0,0,0)",0,0,8,1,/html/body/div[2]/div[3]/div/main/p[35],,1
226,159,ul,2,1,128,0.3273657289,0.48608137045,0.213541666667,410,3684.21875,788,64,"rgb(51,51,51)","rgba(0,0,0,0)",35,36,238,1,/html/body/div[2]/div[3]/div/main/ul,《返校》：沒有本土化，就沒有國際化 中國...：次等文明的自我形象,1
227,226,p,0,1,128,0.3273657289,0.488222698073,0.234375,450,3684.21875,748,0,"rgb(51,51,51)","rgba(0,0,0,0)",0,0,8,1,/html/body/div[2]/div[3]/div/main/ul/p[1],,1
228,226,li,1,1,129,0.329923273657,0.490364025696,0.234375,450,3684.21875,748,32,"rgb(51,51,51)","rgba(0,0,0,0)",17,17,106,1,/html/body/div[2]/div[3]/div/main/ul/li[1],《返校》：沒有本土化，就沒有國際化,1
229,228,a,0,1,129,0.329923273657,0.492505353319,0.234375,450,3690.21875,306,20,"rgb(0,153,255)","rgba(0,0,0,0)",17,17,97,1,/html/body/div[2]/div[3]/div/main/ul/li[1]/a,《返校》：沒有本土化，就沒有國際化,1
230,226,li,1,1,129,0.329923273657,0.494646680942,0.234375,450,3716.21875,748,32,"rgb(51,51,51)","rgba(0,0,0,0)",18,18,107,1,/html/body/div[2]/div[3]/div/main/ul/li[2],中國崛起的致命傷：次等文明的自我形象,1
231,230,a,0,1,129,0.329923273657,0.496788008565,0.234375,450,3722.21875,324,20,"rgb(0,153,255)","rgba(0,0,0,0)",18,18,98,1,/html/body/div[2]/div[3]/div/main/ul/li[2]/a,中國崛起的致命傷：次等文明的自我形象,1
232,226,p,0,1,129,0.329923273657,0.498929336188,0.234375,450,3766.21875,748,0,"rgb(51,51,51)","rgba(0,0,0,0)",0,0,8,1,/html/body/div[2]/div[3]/div/main/ul/p[2],,1
233,159,p,0,1,130,0.332480818414,0.501070663812,0.213541666667,410,3778.21875,788,0,"rgb(51,51,51)","rgba(0,0,0,0)",0,0,8,1,/html/body/div[2]/div[3]/div/main/p[36],,1
234,159,div,1,1,131,0.335038363171,0.503211991435,0.213541666667,410,3778.21875,788,19,"rgb(153,153,153)","rgba(0,0,0,0)",16,19,312,1,/html/body/div[2]/div[3]/div/main/div[6],Cheng Lap 時事觀察 白色恐怖,1
235,234,span,0,1,132,0.337595907928,0.505353319058,0.213541666667,410,3778.21875,16,16,"rgb(153,153,153)","rgba(0,0,0,0)",0,0,36,1,/html/body/div[2]/div[3]/div/main/div[6]/span,,1
236,234,a,0,1,133,0.340153452685,0.507494646681,0.229166666667,440,3779.21875,89,17,"rgb(153,153,153)","rgba(0,0,0,0)",8,9,59,1,/html/body/div[2]/div[3]/div/main/div[6]/a[1],Cheng Lap,1
237,234,a,0,1,134,0.342710997442,0.509635974304,0.275520833333,529,3779.21875,76,17,"rgb(153,153,153)","rgba(0,0,0,0)",4,4,81,1,/html/body/div[2]/div[3]/div/main/div[6]/a[2],時事觀察,1
238,234,a,0,1,135,0.345268542199,0.511777301927,0.315104166667,605,3779.21875,64,17,"rgb(153,153,153)","rgba(0,0,0,0)",4,4,81,1,/html/body/div[2]/div[3]/div/main/div[6]/a[3],白色恐怖,1
239,159,div,2,1,137,0.350383631714,0.51391862955,0.1875,360,343.109375,30,354,"rgb(51,51,51)","rgb(255,255,255)",0,0,567,1,/html/body/div[2]/div[3]/div/main/div[7],,0
240,239,a,0,1,138,0.352941176471,0.516059957173,0.1875,360,383.109375,30,22,"rgb(153,153,153)","rgba(0,0,0,0)",0,0,72,1,/html/body/div[2]/div[3]/div/main/div[7]/a[1],,0
241,239,a,0,1,139,0.355498721228,0.518201284797,0.1875,360,445.109375,30,20,"rgb(153,153,153)","rgba(0,0,0,0)",0,0,64,1,/html/body/div[2]/div[3]/div/main/div[7]/a[2],,0
242,239,a,0,1,140,0.358056265985,0.52034261242,0.0,0,0,0,0,"rgb(153,153,153)","rgba(0,0,0,0)",0,0,49,0,/html/body/div[2]/div[3]/div/main/div[7]/a[3],,0
243,239,span,0,1,141,0.360613810742,0.522483940043,0.1875,360,505.109375,30,24,"rgb(153,153,153)","rgba(0,0,0,0)",0,0,103,1,/html/body/div[2]/div[3]/div/main/div[7]/span[1],,0
244,239,span,0,1,142,0.363171355499,0.524625267666,0.1875,360,569.109375,30,22,"rgb(153,153,153)","rgba(0,0,0,0)",0,0,174,1,/html/body/div[2]/div[3]/div/main/div[7]/span[2],,0
245,239,a,1,1,143,0.365728900256,0.526766595289,0.1875,360,631.109375,30,26,"rgb(153,153,153)","rgba(0,0,0,0)",0,0,69,1,/html/body/div[2]/div[3]/div/main/div[7]/a[4],,0
246,245,span,0,1,143,0.365728900256,0.528907922912,0.188541666667,362,631.109375,26,26,"rgb(153,153,153)","rgba(0,0,0,0)",0,0,43,1,/html/body/div[2]/div[3]/div/main/div[7]/a[4]/span,,0
247,158,div,4,1,147,0.375959079284,0.531049250535,0.1875,360,3837.21875,888,272,"rgb(0,0,0)","rgba(0,0,0,0)",51,54,1226,1,/html/body/div[2]/div[3]/div/div[1],相關文章 豬哥亮的賀歲片：國民父親與集體...「自己所選擇的框框」,0
248,247,div,1,1,148,0.378516624041,0.533190578158,0.213541666667,410,3837.21875,788,37,"rgb(0,0,0)","rgba(0,0,0,0)",4,4,50,1,/html/body/div[2]/div[3]/div/div[1]/div[1],相關文章,0
249,248,span,0,1,148,0.378516624041,0.535331905782,0.213541666667,410,3837.21875,80,37,"rgb(102,102,102)","rgba(0,0,0,0)",4,4,17,1,/html/body/div[2]/div[3]/div/div[1]/div[1]/span,相關文章,0
250,247,div,3,1,149,0.381074168798,0.537473233405,0.213541666667,410,3889.21875,788,220,"rgb(0,0,0)","rgba(0,0,0,0)",47,49,1147,1,/html/body/div[2]/div[3]/div/div[1]/div[2],豬哥亮的賀歲片：國民父親與集體記憶 再見...「自己所選擇的框框」,0
251,250,section,2,1,150,0.383631713555,0.539614561028,0.213541666667,410,3889.21875,240,210,"rgb(0,0,0)","rgba(0,0,0,0)",17,17,373,1,/html/body/div[2]/div[3]/div/div[1]/div[2]/section[1],豬哥亮的賀歲片：國民父親與集體記憶,0
252,251,a,1,1,151,0.386189258312,0.541755888651,0.213541666667,410,3889.21875,240,160,"rgb(102,102,102)","rgba(0,0,0,0)",0,0,263,1,/html/body/div[2]/div[3]/div/div[1]/div[2]/section[1]/a,,0
253,252,img,0,1,151,0.386189258312,0.543897216274,0.213541666667,410,3889.21875,240,160,"rgb(102,102,102)","rgba(0,0,0,0)",0,0,220,1,/html/body/div[2]/div[3]/div/div[1]/div[2]/section[1]/a/img,,0
254,251,h3,1,1,152,0.388746803069,0.546038543897,0.213541666667,410,4054.21875,240,40,"rgb(0,0,0)","rgba(0,0,0,0)",17,17,88,1,/html/body/div[2]/div[3]/div/div[1]/div[2]/section[1]/h3,豬哥亮的賀歲片：國民父親與集體記憶,0
255,254,a,0,1,152,0.388746803069,0.54817987152,0.213541666667,410,4054.21875,240,160,"rgb(102,102,102)","rgba(0,0,0,0)",17,17,60,1,/html/body/div[2]/div[3]/div/div[1]/div[2]/section[1]/h3/a,豬哥亮的賀歲片：國民父親與集體記憶,0
256,250,section,2,1,154,0.393861892583,0.550321199143,0.35625,684,3889.21875,240,210,"rgb(0,0,0)","rgba(0,0,0,0)",14,14,365,1,/html/body/div[2]/div[3]/div/div[1]/div[2]/section[2],再見《大釣哥》：最後的豬哥亮,0
257,256,a,1,1,155,0.39641943734,0.552462526767,0.35625,684,3889.21875,240,160,"rgb(102,102,102)","rgba(0,0,0,0)",0,0,258,1,/html/body/div[2]/div[3]/div/div[1]/div[2]/section[2]/a,,0
258,257,img,0,1,155,0.39641943734,0.55460385439,0.35625,684,3889.21875,240,160,"rgb(102,102,102)","rgba(0,0,0,0)",0,0,215,1,/html/body/div[2]/div[3]/div/div[1]/div[2]/section[2]/a/img,,0
259,256,h3,1,1,156,0.398976982097,0.556745182013,0.35625,684,4054.21875,240,40,"rgb(0,0,0)","rgba(0,0,0,0)",14,14,85,1,/html/body/div[2]/div[3]/div/div[1]/div[2]/section[2]/h3,再見《大釣哥》：最後的豬哥亮,0
260,259,a,0,1,156,0.398976982097,0.558886509636,0.35625,684,4054.21875,240,160,"rgb(102,102,102)","rgba(0,0,0,0)",14,14,57,1,/html/body/div[2]/div[3]/div/div[1]/div[2]/section[2]/h3/a,再見《大釣哥》：最後的豬哥亮,0
261,250,section,2,1,158,0.404092071611,0.561027837259,0.498958333333,958,3889.21875,240,210,"rgb(0,0,0)","rgba(0,0,0,0)",16,16,367,1,/html/body/div[2]/div[3]/div/div[1]/div[2]/section[3],【黃色笑話】「自己所選擇的框框」,0
262,261,a,1,1,159,0.406649616368,0.563169164882,0.498958333333,958,3889.21875,240,160,"rgb(102,102,102)","rgba(0,0,0,0)",0,0,259,1,/html/body/div[2]/div[3]/div/div[1]/div[2]/section[3]/a,,0
263,262,img,0,1,159,0.406649616368,0.565310492505,0.498958333333,958,3889.21875,240,160,"rgb(102,102,102)","rgba(0,0,0,0)",0,0,217,1,/html/body/div[2]/div[3]/div/div[1]/div[2]/section[3]/a/img,,0
264,261,h3,1,1,160,0.409207161125,0.567451820128,0.498958333333,958,4054.21875,240,40,"rgb(0,0,0)","rgba(0,0,0,0)",16,16,86,1,/html/body/div[2]/div[3]/div/div[1]/div[2]/section[3]/h3,【黃色笑話】「自己所選擇的框框」,0
265,264,a,0,1,160,0.409207161125,0.569593147752,0.498958333333,958,4054.21875,240,160,"rgb(102,102,102)","rgba(0,0,0,0)",16,16,58,1,/html/body/div[2]/div[3]/div/div[1]/div[2]/section[3]/h3/a,【黃色笑話】「自己所選擇的框框」,0
266,158,div,4,1,165,0.42199488491,0.571734475375,0.1875,360,4129.21875,888,272,"rgb(0,0,0)","rgba(0,0,0,0)",49,52,5942,1,/html/body/div[2]/div[3]/div/div[2],作者其他文章 《返校》：沒有本土化，就沒...敗不在儒家，敗在獨尊,0
267,266,div,1,1,166,0.424552429668,0.573875802998,0.213541666667,410,4129.21875,788,37,"rgb(0,0,0)","rgba(0,0,0,0)",6,6,79,1,/html/body/div[2]/div[3]/div/div[2]/div[1],作者其他文章,0
268,267,a,0,1,166,0.424552429668,0.576017130621,0.213541666667,410,4129.21875,120,37,"rgb(102,102,102)","rgba(0,0,0,0)",6,6,46,1,/html/body/div[2]/div[3]/div/div[2]/div[1]/a,作者其他文章,0
269,266,div,3,1,167,0.427109974425,0.578158458244,0.213541666667,410,4181.21875,788,220,"rgb(0,0,0)","rgba(0,0,0,0)",43,45,5837,1,/html/body/div[2]/div[3]/div/div[2]/div[2],《返校》：沒有本土化，就沒有國際化 科舉...敗不在儒家，敗在獨尊,0
270,269,section,2,1,168,0.429667519182,0.580299785867,0.213541666667,410,4181.21875,240,210,"rgb(0,0,0)","rgba(0,0,0,0)",17,17,386,1,/html/body/div[2]/div[3]/div/div[2]/div[2]/section[1],《返校》：沒有本土化，就沒有國際化,0
271,270,a,1,1,169,0.432225063939,0.58244111349,0.213541666667,410,4181.21875,240,160,"rgb(102,102,102)","rgba(0,0,0,0)",0,0,263,1,/html/body/div[2]/div[3]/div/div[2]/div[2]/section[1]/a,,0
272,271,img,0,1,169,0.432225063939,0.584582441113,0.213541666667,410,4181.21875,240,160,"rgb(102,102,102)","rgba(0,0,0,0)",0,0,221,1,/html/body/div[2]/div[3]/div/div[2]/div[2]/section[1]/a/img,,0
273,270,h3,1,1,170,0.434782608696,0.586723768737,0.213541666667,410,4346.21875,240,40,"rgb(0,0,0)","rgba(0,0,0,0)",17,17,87,1,/html/body/div[2]/div[3]/div/div[2]/div[2]/section[1]/h3,《返校》：沒有本土化，就沒有國際化,0
274,273,a,0,1,170,0.434782608696,0.58886509636,0.213541666667,410,4346.21875,240,160,"rgb(102,102,102)","rgba(0,0,0,0)",17,17,59,1,/html/body/div[2]/div[3]/div/div[2]/div[2]/section[1]/h3/a,《返校》：沒有本土化，就沒有國際化,0
275,269,section,2,1,172,0.43989769821,0.591006423983,0.35625,684,4181.21875,240,210,"rgb(0,0,0)","rgba(0,0,0,0)",16,16,382,1,/html/body/div[2]/div[3]/div/div[2]/div[2]/section[2],科舉制度的省思：官職不該是種獎品,0
276,275,a,1,1,173,0.442455242967,0.593147751606,0.35625,684,4181.21875,240,160,"rgb(102,102,102)","rgba(0,0,0,0)",0,0,260,1,/html/body/div[2]/div[3]/div/div[2]/div[2]/section[2]/a,,0
277,276,img,0,1,173,0.442455242967,0.595289079229,0.35625,684,4181.21875,240,160,"rgb(102,102,102)","rgba(0,0,0,0)",0,0,218,1,/html/body/div[2]/div[3]/div/div[2]/div[2]/section[2]/a/img,,0
278,275,h3,1,1,174,0.445012787724,0.597430406852,0.35625,684,4346.21875,240,40,"rgb(0,0,0)","rgba(0,0,0,0)",16,16,86,1,/html/body/div[2]/div[3]/div/div[2]/div[2]/section[2]/h3,科舉制度的省思：官職不該是種獎品,0
279,278,a,0,1,174,0.445012787724,0.599571734475,0.35625,684,4346.21875,240,160,"rgb(102,102,102)","rgba(0,0,0,0)",16,16,58,1,/html/body/div[2]/div[3]/div/div[2]/div[2]/section[2]/h3/a,科舉制度的省思：官職不該是種獎品,0
280,269,section,2,1,176,0.450127877238,0.601713062099,0.498958333333,958,4181.21875,240,210,"rgb(0,0,0)","rgba(0,0,0,0)",10,10,363,1,/html/body/div[2]/div[3]/div/div[2]/div[2]/section[3],敗不在儒家，敗在獨尊,0
281,280,a,1,1,177,0.452685421995,0.603854389722,0.498958333333,958,4181.21875,240,160,"rgb(102,102,102)","rgba(0,0,0,0)",0,0,247,1,/html/body/div[2]/div[3]/div/div[2]/div[2]/section[3]/a,,0
282,281,img,0,1,177,0.452685421995,0.605995717345,0.498958333333,958,4181.21875,240,159,"rgb(102,102,102)","rgba(0,0,0,0)",0,0,205,1,/html/body/div[2]/div[3]/div/div[2]/div[2]/section[3]/a/img,,0
283,280,h3,1,1,178,0.455242966752,0.608137044968,0.498958333333,958,4346.21875,240,40,"rgb(0,0,0)","rgba(0,0,0,0)",10,10,80,1,/html/body/div[2]/div[3]/div/div[2]/div[2]/section[3]/h3,敗不在儒家，敗在獨尊,0
284,283,a,0,1,178,0.455242966752,0.610278372591,0.498958333333,958,4346.21875,240,160,"rgb(102,102,102)","rgba(0,0,0,0)",10,10,52,1,/html/body/div[2]/div[3]/div/div[2]/div[2]/section[3]/h3/a,敗不在儒家，敗在獨尊,0
285,269,section,2,1,180,0.460358056266,0.612419700214,0.0,0,0,0,0,"rgb(0,0,0)","rgba(0,0,0,0)",17,17,384,0,/html/body/div[2]/div[3]/div/div[2]/div[2]/section[4],理想與現實的距離：腐敗是成熟的代價,0
286,285,a,1,1,181,0.462915601023,0.614561027837,0.0,0,0,0,0,"rgb(102,102,102)","rgba(0,0,0,0)",0,0,261,1,/html/body/div[2]/div[3]/div/div[2]/div[2]/section[4]/a,,0
287,286,img,0,1,181,0.462915601023,0.61670235546,0.0,0,0,0,0,"rgb(102,102,102)","rgba(0,0,0,0)",0,0,219,1,/html/body/div[2]/div[3]/div/div[2]/div[2]/section[4]/a/img,,0
288,285,h3,1,1,182,0.46547314578,0.618843683084,0.0,0,0,0,0,"rgb(0,0,0)","rgba(0,0,0,0)",17,17,87,1,/html/body/div[2]/div[3]/div/div[2]/div[2]/section[4]/h3,理想與現實的距離：腐敗是成熟的代價,0
289,288,a,0,1,182,0.46547314578,0.620985010707,0.0,0,0,0,0,"rgb(102,102,102)","rgba(0,0,0,0)",17,17,59,1,/html/body/div[2]/div[3]/div/div[2]/div[2]/section[4]/h3/a,理想與現實的距離：腐敗是成熟的代價,0
290,269,section,2,1,184,0.470588235294,0.62312633833,0.0,0,0,0,0,"rgb(0,0,0)","rgba(0,0,0,0)",15,15,378,0,/html/body/div[2]/div[3]/div/div[2]/div[2]/section[5],肥貓之所以是肥貓，在於公私不分,0
291,290,a,1,1,185,0.473145780051,0.625267665953,0.0,0,0,0,0,"rgb(102,102,102)","rgba(0,0,0,0)",0,0,257,1,/html/body/div[2]/div[3]/div/div[2]/div[2]/section[5]/a,,0
292,291,img,0,1,185,0.473145780051,0.627408993576,0.0,0,0,0,0,"rgb(102,102,102)","rgba(0,0,0,0)",0,0,215,1,/html/body/div[2]/div[3]/div/div[2]/div[2]/section[5]/a/img,,0
293,290,h3,1,1,186,0.475703324808,0.629550321199,0.0,0,0,0,0,"rgb(0,0,0)","rgba(0,0,0,0)",15,15,85,1,/html/body/div[2]/div[3]/div/div[2]/div[2]/section[5]/h3,肥貓之所以是肥貓，在於公私不分,0
294,293,a,0,1,186,0.475703324808,0.631691648822,0.0,0,0,0,0,"rgb(102,102,102)","rgba(0,0,0,0)",15,15,57,1,/html/body/div[2]/div[3]/div/div[2]/div[2]/section[5]/h3/a,肥貓之所以是肥貓，在於公私不分,0
295,269,section,2,1,188,0.480818414322,0.633832976445,0.0,0,0,0,0,"rgb(0,0,0)","rgba(0,0,0,0)",18,18,387,0,/html/body/div[2]/div[3]/div/div[2]/div[2]/section[6],川普當選：代工時代結束，自立時代興起,0
296,295,a,1,1,189,0.483375959079,0.635974304069,0.0,0,0,0,0,"rgb(102,102,102)","rgba(0,0,0,0)",0,0,263,1,/html/body/div[2]/div[3]/div/div[2]/div[2]/section[6]/a,,0
297,296,img,0,1,189,0.483375959079,0.638115631692,0.0,0,0,0,0,"rgb(102,102,102)","rgba(0,0,0,0)",0,0,221,1,/html/body/div[2]/div[3]/div/div[2]/div[2]/section[6]/a/img,,0
298,295,h3,1,1,190,0.485933503836,0.640256959315,0.0,0,0,0,0,"rgb(0,0,0)","rgba(0,0,0,0)",18,18,88,1,/html/body/div[2]/div[3]/div/div[2]/div[2]/section[6]/h3,川普當選：代工時代結束，自立時代興起,0
299,298,a,0,1,190,0.485933503836,0.642398286938,0.0,0,0,0,0,"rgb(102,102,102)","rgba(0,0,0,0)",18,18,60,1,/html/body/div[2]/div[3]/div/div[2]/div[2]/section[6]/h3/a,川普當選：代工時代結束，自立時代興起,0
300,269,section,2,1,192,0.49104859335,0.644539614561,0.0,0,0,0,0,"rgb(0,0,0)","rgba(0,0,0,0)",13,13,374,0,/html/body/div[2]/div[3]/div/div[2]/div[2]/section[7],真正的問題是貧窮者能怎麼活,0
301,300,a,1,1,193,0.493606138107,0.646680942184,0.0,0,0,0,0,"rgb(102,102,102)","rgba(0,0,0,0)",0,0,255,1,/html/body/div[2]/div[3]/div/div[2]/div[2]/section[7]/a,,0
302,301,img,0,1,193,0.493606138107,0.648822269807,0.0,0,0,0,0,"rgb(102,102,102)","rgba(0,0,0,0)",0,0,213,1,/html/body/div[2]/div[3]/div/div[2]/div[2]/section[7]/a/img,,0
303,300,h3,1,1,194,0.496163682864,0.65096359743,0.0,0,0,0,0,"rgb(0,0,0)","rgba(0,0,0,0)",13,13,83,1,/html/body/div[2]/div[3]/div/div[2]/div[2]/section[7]/h3,真正的問題是貧窮者能怎麼活,0
304,303,a,0,1,194,0.496163682864,0.653104925054,0.0,0,0,0,0,"rgb(102,102,102)","rgba(0,0,0,0)",13,13,55,1,/html/body/div[2]/div[3]/div/div[2]/div[2]/section[7]/h3/a,真正的問題是貧窮者能怎麼活,0
305,269,section,2,1,196,0.501278772379,0.655246252677,0.0,0,0,0,0,"rgb(0,0,0)","rgba(0,0,0,0)",19,19,391,0,/html/body/div[2]/div[3]/div/div[2]/div[2]/section[8],網路論戰浪潮來襲，怎樣才能避免被吞食？,0
306,305,a,1,1,197,0.503836317136,0.6573875803,0.0,0,0,0,0,"rgb(102,102,102)","rgba(0,0,0,0)",0,0,266,1,/html/body/div[2]/div[3]/div/div[2]/div[2]/section[8]/a,,0
307,306,img,0,1,197,0.503836317136,0.659528907923,0.0,0,0,0,0,"rgb(102,102,102)","rgba(0,0,0,0)",0,0,224,1,/html/body/div[2]/div[3]/div/div[2]/div[2]/section[8]/a/img,,0
308,305,h3,1,1,198,0.506393861893,0.661670235546,0.0,0,0,0,0,"rgb(0,0,0)","rgba(0,0,0,0)",19,19,89,1,/html/body/div[2]/div[3]/div/div[2]/div[2]/section[8]/h3,網路論戰浪潮來襲，怎樣才能避免被吞食？,0
309,308,a,0,1,198,0.506393861893,0.663811563169,0.0,0,0,0,0,"rgb(102,102,102)","rgba(0,0,0,0)",19,19,61,1,/html/body/div[2]/div[3]/div/div[2]/div[2]/section[8]/h3/a,網路論戰浪潮來襲，怎樣才能避免被吞食？,0
310,269,section,2,1,200,0.511508951407,0.665952890792,0.0,0,0,0,0,"rgb(0,0,0)","rgba(0,0,0,0)",19,19,390,0,/html/body/div[2]/div[3]/div/div[2]/div[2]/section[9],外資促進經濟好棒，為何德國卻限制投資？,0
311,310,a,1,1,201,0.514066496164,0.668094218415,0.0,0,0,0,0,"rgb(102,102,102)","rgba(0,0,0,0)",0,0,265,1,/html/body/div[2]/div[3]/div/div[2]/div[2]/section[9]/a,,0
312,311,img,0,1,201,0.514066496164,0.670235546039,0.0,0,0,0,0,"rgb(102,102,102)","rgba(0,0,0,0)",0,0,223,1,/html/body/div[2]/div[3]/div/div[2]/div[2]/section[9]/a/img,,0
313,310,h3,1,1,202,0.516624040921,0.672376873662,0.0,0,0,0,0,"rgb(0,0,0)","rgba(0,0,0,0)",19,19,89,1,/html/body/div[2]/div[3]/div/div[2]/div[2]/section[9]/h3,外資促進經濟好棒，為何德國卻限制投資？,0
314,313,a,0,1,202,0.516624040921,0.674518201285,0.0,0,0,0,0,"rgb(102,102,102)","rgba(0,0,0,0)",19,19,61,1,/html/body/div[2]/div[3]/div/div[2]/div[2]/section[9]/h3/a,外資促進經濟好棒，為何德國卻限制投資？,0
315,269,section,2,1,204,0.521739130435,0.676659528908,0.0,0,0,0,0,"rgb(0,0,0)","rgba(0,0,0,0)",14,14,377,0,/html/body/div[2]/div[3]/div/div[2]/div[2]/section[10],交易非慈善，談恩主心態的病灶,0
316,315,a,1,1,205,0.524296675192,0.678800856531,0.0,0,0,0,0,"rgb(102,102,102)","rgba(0,0,0,0)",0,0,257,1,/html/body/div[2]/div[3]/div/div[2]/div[2]/section[10]/a,,0
317,316,img,0,1,205,0.524296675192,0.680942184154,0.0,0,0,0,0,"rgb(102,102,102)","rgba(0,0,0,0)",0,0,215,1,/html/body/div[2]/div[3]/div/div[2]/div[2]/section[10]/a/img,,0
318,315,h3,1,1,206,0.526854219949,0.683083511777,0.0,0,0,0,0,"rgb(0,0,0)","rgba(0,0,0,0)",14,14,84,1,/html/body/div[2]/div[3]/div/div[2]/div[2]/section[10]/h3,交易非慈善，談恩主心態的病灶,0
319,318,a,0,1,206,0.526854219949,0.6852248394,0.0,0,0,0,0,"rgb(102,102,102)","rgba(0,0,0,0)",14,14,56,1,/html/body/div[2]/div[3]/div/div[2]/div[2]/section[10]/h3/a,交易非慈善，談恩主心態的病灶,0
320,269,section,2,1,208,0.531969309463,0.687366167024,0.0,0,0,0,0,"rgb(0,0,0)","rgba(0,0,0,0)",20,20,393,0,/html/body/div[2]/div[3]/div/div[2]/div[2]/section[11],「你的中文」和「我的中文」是不同的中文？,0
321,320,a,1,1,209,0.53452685422,0.689507494647,0.0,0,0,0,0,"rgb(102,102,102)","rgba(0,0,0,0)",0,0,267,1,/html/body/div[2]/div[3]/div/div[2]/div[2]/section[11]/a,,0
322,321,img,0,1,209,0.53452685422,0.69164882227,0.0,0,0,0,0,"rgb(102,102,102)","rgba(0,0,0,0)",0,0,225,1,/html/body/div[2]/div[3]/div/div[2]/div[2]/section[11]/a/img,,0
323,320,h3,1,1,210,0.537084398977,0.693790149893,0.0,0,0,0,0,"rgb(0,0,0)","rgba(0,0,0,0)",20,20,90,1,/html/body/div[2]/div[3]/div/div[2]/div[2]/section[11]/h3,「你的中文」和「我的中文」是不同的中文？,0
324,323,a,0,1,210,0.537084398977,0.695931477516,0.0,0,0,0,0,"rgb(102,102,102)","rgba(0,0,0,0)",20,20,62,1,/html/body/div[2]/div[3]/div/div[2]/div[2]/section[11]/h3/a,「你的中文」和「我的中文」是不同的中文？,0
325,269,section,2,1,212,0.542199488491,0.698072805139,0.0,0,0,0,0,"rgb(0,0,0)","rgba(0,0,0,0)",26,26,411,0,/html/body/div[2]/div[3]/div/div[2]/div[2]/section[12],當轉型正義對上國家團結，要求彌補傷害是對敗者的清算？,0
326,325,a,1,1,213,0.544757033248,0.700214132762,0.0,0,0,0,0,"rgb(102,102,102)","rgba(0,0,0,0)",0,0,279,1,/html/body/div[2]/div[3]/div/div[2]/div[2]/section[12]/a,,0
327,326,img,0,1,213,0.544757033248,0.702355460385,0.0,0,0,0,0,"rgb(102,102,102)","rgba(0,0,0,0)",0,0,237,1,/html/body/div[2]/div[3]/div/div[2]/div[2]/section[12]/a/img,,0
328,325,h3,1,1,214,0.547314578005,0.704496788009,0.0,0,0,0,0,"rgb(0,0,0)","rgba(0,0,0,0)",26,26,96,1,/html/body/div[2]/div[3]/div/div[2]/div[2]/section[12]/h3,當轉型正義對上國家團結，要求彌補傷害是對敗者的清算？,0
329,328,a,0,1,214,0.547314578005,0.706638115632,0.0,0,0,0,0,"rgb(102,102,102)","rgba(0,0,0,0)",26,26,68,1,/html/body/div[2]/div[3]/div/div[2]/div[2]/section[12]/h3/a,當轉型正義對上國家團結，要求彌補傷害是對敗者的清算？,0
330,269,section,2,1,216,0.552429667519,0.708779443255,0.0,0,0,0,0,"rgb(0,0,0)","rgba(0,0,0,0)",15,15,380,0,/html/body/div[2]/div[3]/div/div[2]/div[2]/section[13],為何神使其滅亡，必先使其瘋狂？,0
331,330,a,1,1,217,0.554987212276,0.710920770878,0.0,0,0,0,0,"rgb(102,102,102)","rgba(0,0,0,0)",0,0,259,1,/html/body/div[2]/div[3]/div/div[2]/div[2]/section[13]/a,,0
332,331,img,0,1,217,0.554987212276,0.713062098501,0.0,0,0,0,0,"rgb(102,102,102)","rgba(0,0,0,0)",0,0,217,1,/html/body/div[2]/div[3]/div/div[2]/div[2]/section[13]/a/img,,0
333,330,h3,1,1,218,0.557544757033,0.715203426124,0.0,0,0,0,0,"rgb(0,0,0)","rgba(0,0,0,0)",15,15,85,1,/html/body/div[2]/div[3]/div/div[2]/div[2]/section[13]/h3,為何神使其滅亡，必先使其瘋狂？,0
334,333,a,0,1,218,0.557544757033,0.717344753747,0.0,0,0,0,0,"rgb(102,102,102)","rgba(0,0,0,0)",15,15,57,1,/html/body/div[2]/div[3]/div/div[2]/div[2]/section[13]/h3/a,為何神使其滅亡，必先使其瘋狂？,0
335,269,section,2,1,220,0.562659846547,0.71948608137,0.0,0,0,0,0,"rgb(0,0,0)","rgba(0,0,0,0)",16,16,383,0,/html/body/div[2]/div[3]/div/div[2]/div[2]/section[14],你喜歡人脈，那你覺得器量重要嗎？,0
336,335,a,1,1,221,0.565217391304,0.721627408994,0.0,0,0,0,0,"rgb(102,102,102)","rgba(0,0,0,0)",0,0,261,1,/html/body/div[2]/div[3]/div/div[2]/div[2]/section[14]/a,,0
337,336,img,0,1,221,0.565217391304,0.723768736617,0.0,0,0,0,0,"rgb(102,102,102)","rgba(0,0,0,0)",0,0,219,1,/html/body/div[2]/div[3]/div/div[2]/div[2]/section[14]/a/img,,0
338,335,h3,1,1,222,0.567774936061,0.72591006424,0.0,0,0,0,0,"rgb(0,0,0)","rgba(0,0,0,0)",16,16,86,1,/html/body/div[2]/div[3]/div/div[2]/div[2]/section[14]/h3,你喜歡人脈，那你覺得器量重要嗎？,0
339,338,a,0,1,222,0.567774936061,0.728051391863,0.0,0,0,0,0,"rgb(102,102,102)","rgba(0,0,0,0)",16,16,58,1,/html/body/div[2]/div[3]/div/div[2]/div[2]/section[14]/h3/a,你喜歡人脈，那你覺得器量重要嗎？,0
340,269,section,2,1,224,0.572890025575,0.730192719486,0.0,0,0,0,0,"rgb(0,0,0)","rgba(0,0,0,0)",23,23,404,0,/html/body/div[2]/div[3]/div/div[2]/div[2]/section[15],什麼樣的社會，就會有什麼樣的Pokemon文化,0
341,340,a,1,1,225,0.575447570332,0.732334047109,0.0,0,0,0,0,"rgb(102,102,102)","rgba(0,0,0,0)",0,0,275,1,/html/body/div[2]/div[3]/div/div[2]/div[2]/section[15]/a,,0
342,341,img,0,1,225,0.575447570332,0.734475374732,0.0,0,0,0,0,"rgb(102,102,102)","rgba(0,0,0,0)",0,0,233,1,/html/body/div[2]/div[3]/div/div[2]/div[2]/section[15]/a/img,,0
343,340,h3,1,1,226,0.57800511509,0.736616702355,0.0,0,0,0,0,"rgb(0,0,0)","rgba(0,0,0,0)",23,23,93,1,/html/body/div[2]/div[3]/div/div[2]/div[2]/section[15]/h3,什麼樣的社會，就會有什麼樣的Pokemon文化,0
344,343,a,0,1,226,0.57800511509,0.738758029979,0.0,0,0,0,0,"rgb(102,102,102)","rgba(0,0,0,0)",23,23,65,1,/html/body/div[2]/div[3]/div/div[2]/div[2]/section[15]/h3/a,什麼樣的社會，就會有什麼樣的Pokemon文化,0
345,158,div,2,1,231,0.590792838875,0.740899357602,0.1875,360,4411.21875,888,60,"rgb(0,0,0)","rgba(0,0,0,0)",0,0,226,1,/html/body/div[2]/div[3]/div/div[3],,0
346,345,a,1,1,232,0.593350383632,0.743040685225,0.1875,360,4411.21875,888,60,"rgb(153,153,153)","rgba(0,0,0,0)",0,0,138,1,/html/body/div[2]/div[3]/div/div[3]/a,,0
347,346,div,0,1,232,0.593350383632,0.745182012848,0.1875,360,4411.21875,888,60,"rgb(153,153,153)","rgba(0,0,0,0)",0,0,55,1,/html/body/div[2]/div[3]/div/div[3]/a/div,,0
348,345,input,0,1,233,0.595907928389,0.747323340471,0.0,0,0,0,0,"rgb(0,0,0)","rgba(0,0,0,0)",0,0,57,0,/html/body/div[2]/div[3]/div/div[3]/input,,0
349,158,div,2,1,236,0.60358056266,0.749464668094,0.0,0,0,0,0,"rgb(0,0,0)","rgba(0,0,0,0)",0,0,247,0,/html/body/div[2]/div[3]/div/div[4],,0
350,349,div,1,1,238,0.608695652174,0.751605995717,0.0,0,0,0,0,"rgb(0,0,0)","rgba(0,0,0,0)",0,0,146,1,/html/body/div[2]/div[3]/div/div[4]/div,,0
351,350,div,0,1,239,0.611253196931,0.75374732334,0.0,0,0,0,0,"rgb(0,0,0)","rgba(0,0,0,0)",0,0,118,0,/html/body/div[2]/div[3]/div/div[4]/div/div,,0
352,158,div,3,1,241,0.616368286445,0.755888650964,0.1875,360,4471.21875,888,2396,"rgb(0,0,0)","rgb(248,248,248)",3,3,993,1,/html/body/div[2]/div[3]/div/div[5],留言區,0
353,352,div,1,1,242,0.618925831202,0.758029978587,0.1875,360,4481.21875,888,37,"rgb(0,0,0)","rgba(0,0,0,0)",3,3,49,1,/html/body/div[2]/div[3]/div/div[5]/div[1],留言區,0
354,353,span,0,1,242,0.618925831202,0.76017130621,0.1875,360,4481.21875,60,37,"rgb(102,102,102)","rgba(0,0,0,0)",3,3,16,1,/html/body/div[2]/div[3]/div/div[5]/div[1]/span,留言區,0
355,352,div,2,1,243,0.621483375959,0.762312633833,0.1875,360,6844.21875,823,22,"rgb(0,0,0)","rgba(0,0,0,0)",0,0,914,1,/html/body/div[2]/div[3]/div/div[5]/div[2],,0
356,355,span,1,1,243,0.621483375959,0.764453961456,0.1875,360,4533.21875,823,2329,"rgb(0,0,0)","rgba(0,0,0,0)",0,0,700,1,/html/body/div[2]/div[3]/div/div[5]/div[2]/span,,0
357,356,iframe,0,1,243,0.621483375959,0.766595289079,0.1875,360,4533.21875,823,2329,"rgb(0,0,0)","rgba(0,0,0,0)",0,0,649,1,/html/body/div[2]/div[3]/div/div[5]/div[2]/span/iframe,,0
358,157,aside,5,1,249,0.636828644501,0.768736616702,0.65625,1260,259,300,2449,"rgb(0,0,0)","rgba(0,0,0,0)",246,263,6630,1,/html/body/div[2]/div[3]/aside,Cheng Lap Cheng Lap，...風景 鳴人堂臉書專頁,0
359,358,div,2,1,250,0.639386189258,0.770877944325,0.65625,1260,259,300,229,"rgb(0,0,0)","rgba(0,0,0,0)",71,75,250,1,/html/body/div[2]/div[3]/aside/div[1],Cheng Lap Cheng Lap，...沒有XXX的八卦》。,0
360,359,a,1,1,251,0.641943734015,0.773019271949,0.65625,1260,366,300,56,"rgb(153,153,153)","rgba(0,0,0,0)",8,9,149,1,/html/body/div[2]/div[3]/aside/div[1]/a,Cheng Lap,0
361,360,img,0,1,251,0.641943734015,0.775160599572,0.701822916667,1347.5,259,125,125,"rgb(153,153,153)","rgba(0,0,0,0)",0,0,76,1,/html/body/div[2]/div[3]/aside/div[1]/a/img,,0
362,360,div,0,1,252,0.644501278772,0.777301927195,0.65625,1260,399,300,23,"rgb(153,153,153)","rgba(0,0,0,0)",8,9,32,1,/html/body/div[2]/div[3]/aside/div[1]/a/div,Cheng Lap,0
363,359,p,0,1,253,0.647058823529,0.779443254818,0.65625,1260,437,300,51,"rgb(0,0,0)","rgba(0,0,0,0)",63,65,72,1,/html/body/div[2]/div[3]/aside/div[1]/p,Cheng Lap，香港人。曾任教職，後...沒有XXX的八卦》。,0
364,358,div,4,1,255,0.652173913043,0.781584582441,0.65625,1260,518,300,265,"rgb(0,0,0)","rgba(0,0,0,0)",0,0,851,1,/html/body/div[2]/div[3]/aside/div[2],,0
365,364,div,3,1,257,0.657289002558,0.783725910064,0.65625,1260,518,300,255,"rgb(0,0,0)","rgba(0,0,0,0)",0,0,794,1,/html/body/div[2]/div[3]/aside/div[2]/div,,0
366,365,div,2,1,258,0.659846547315,0.785867237687,0.65625,1260,518,300,255,"rgb(0,0,0)","rgba(0,0,0,0)",0,0,766,1,/html/body/div[2]/div[3]/aside/div[2]/div/div,,0
368,366,div,1,1,262,0.670076726343,0.790149892934,0.669270833333,1285,518,250,250,"rgb(0,0,0)","rgba(0,0,0,0)",0,0,538,1,/html/body/div[2]/div[3]/aside/div[2]/div/div/div,,0
369,368,iframe,0,1,262,0.670076726343,0.792291220557,0.669270833333,1285,518,250,250,"rgb(0,0,0)","rgba(0,0,0,0)",0,0,386,1,/html/body/div[2]/div[3]/aside/div[2]/div/div/div/iframe,,0
370,358,div,4,1,266,0.680306905371,0.79443254818,0.65625,1260,798,300,500,"rgb(0,0,0)","rgba(0,0,0,0)",0,0,1185,1,/html/body/div[2]/div[3]/aside/div[3],,0
372,370,div,0,1,269,0.687979539642,0.798715203426,0.65625,1260,798,300,250,"rgb(0,0,0)","rgba(0,0,0,0)",0,0,63,1,/html/body/div[2]/div[3]/aside/div[3]/div[1],,0
374,370,div,3,1,279,0.713554987212,0.802997858672,0.65625,1260,1048,300,250,"rgb(0,0,0)","rgba(0,0,0,0)",0,0,718,1,/html/body/div[2]/div[3]/aside/div[3]/div[2],,0
375,374,div,2,1,280,0.716112531969,0.805139186296,0.65625,1260,1048,300,250,"rgb(0,0,0)","rgba(0,0,0,0)",0,0,690,1,/html/body/div[2]/div[3]/aside/div[3]/div[2]/div,,0
377,375,div,1,1,284,0.726342710997,0.809421841542,0.65625,1260,1048,300,250,"rgb(0,0,0)","rgba(0,0,0,0)",0,0,440,1,/html/body/div[2]/div[3]/aside/div[3]/div[2]/div/div,,0
378,377,iframe,0,1,284,0.726342710997,0.811563169165,0.65625,1260,1048,300,250,"rgb(0,0,0)","rgba(0,0,0,0)",0,0,324,1,/html/body/div[2]/div[3]/aside/div[3]/div[2]/div/div/iframe,,0
379,358,div,2,1,288,0.736572890026,0.813704496788,0.65625,1260,1313,300,462,"rgb(0,0,0)","rgba(0,0,0,0)",84,89,941,1,/html/body/div[2]/div[3]/aside/div[4],最新文章 李香誼／月台與池上便當──家鄉...「自己所選擇的框框」,0
380,379,div,1,1,289,0.739130434783,0.815845824411,0.65625,1260,1313,300,37,"rgb(0,0,0)","rgba(0,0,0,0)",4,4,93,1,/html/body/div[2]/div[3]/aside/div[4]/div,最新文章,0
381,380,a,0,1,290,0.74168797954,0.817987152034,0.713541666667,1370,1313,80,37,"rgb(102,102,102)","rgba(0,0,0,0)",4,4,58,1,/html/body/div[2]/div[3]/aside/div[4]/div/a,最新文章,0
382,379,a,1,1,292,0.746803069054,0.820128479657,0.65625,1260,1365,300,200,"rgb(255,255,255)","rgba(0,0,0,0)",26,26,300,1,/html/body/div[2]/div[3]/aside/div[4]/a[1],李香誼／月台與池上便當──家鄉的第一道與最後一道風景,0
383,382,img,0,1,293,0.749360613811,0.822269807281,0.65625,1260,1365,300,200,"rgb(255,255,255)","rgba(0,0,0,0)",0,0,176,1,/html/body/div[2]/div[3]/aside/div[4]/a[1]/img,,0
384,382,span,0,1,294,0.751918158568,0.824411134904,0.65625,1260,1497,300,68,"rgb(255,255,255)","rgb(0,0,0)",26,26,63,1,/html/body/div[2]/div[3]/aside/div[4]/a[1]/span,李香誼／月台與池上便當──家鄉的第一道與最後一道風景,0
385,379,a,0,1,297,0.759590792839,0.826552462527,0.65625,1260,1575,300,34,"rgb(102,102,102)","rgba(0,0,0,0)",7,7,65,1,/html/body/div[2]/div[3]/aside/div[4]/a[2],當民進黨遇見狗,0
386,379,a,0,1,299,0.764705882353,0.82869379015,0.65625,1260,1619,300,58,"rgb(102,102,102)","rgba(0,0,0,0)",17,17,76,1,/html/body/div[2]/div[3]/aside/div[4]/a[3],豬哥亮的賀歲片：國民父親與集體記憶,0
387,379,a,0,1,301,0.769820971867,0.830835117773,0.65625,1260,1687,300,34,"rgb(102,102,102)","rgba(0,0,0,0)",14,14,73,1,/html/body/div[2]/div[3]/aside/div[4]/a[4],再見《大釣哥》：最後的豬哥亮,0
388,379,a,0,1,303,0.774936061381,0.832976445396,0.65625,1260,1731,300,34,"rgb(102,102,102)","rgba(0,0,0,0)",16,16,74,1,/html/body/div[2]/div[3]/aside/div[4]/a[5],【黃色笑話】「自己所選擇的框框」,0
389,358,div,2,1,309,0.790281329923,0.835117773019,0.65625,1260,1790,300,486,"rgb(0,0,0)","rgba(0,0,0,0)",84,89,961,1,/html/body/div[2]/div[3]/aside/div[5],最多分享 【黃色笑話】「自己所選擇的框框...第一道與最後一道風景,0
390,389,div,1,1,310,0.79283887468,0.837259100642,0.65625,1260,1790,300,37,"rgb(0,0,0)","rgba(0,0,0,0)",4,4,92,1,/html/body/div[2]/div[3]/aside/div[5]/div,最多分享,0
391,390,a,0,1,311,0.795396419437,0.839400428266,0.713541666667,1370,1790,80,37,"rgb(102,102,102)","rgba(0,0,0,0)",4,4,57,1,/html/body/div[2]/div[3]/aside/div[5]/div/a,最多分享,0
392,389,a,1,1,313,0.800511508951,0.841541755889,0.65625,1260,1842,300,200,"rgb(255,255,255)","rgba(0,0,0,0)",16,16,290,1,/html/body/div[2]/div[3]/aside/div[5]/a[1],【黃色笑話】「自己所選擇的框框」,0
393,392,img,0,1,314,0.803069053708,0.843683083512,0.65625,1260,1842,300,200,"rgb(255,255,255)","rgba(0,0,0,0)",0,0,176,1,/html/body/div[2]/div[3]/aside/div[5]/a[1]/img,,0
394,392,span,0,1,315,0.805626598465,0.845824411135,0.65625,1260,1998,300,44,"rgb(255,255,255)","rgb(0,0,0)",16,16,53,1,/html/body/div[2]/div[3]/aside/div[5]/a[1]/span,【黃色笑話】「自己所選擇的框框」,0
395,389,a,0,1,318,0.813299232737,0.847965738758,0.65625,1260,2052,300,34,"rgb(102,102,102)","rgba(0,0,0,0)",7,7,65,1,/html/body/div[2]/div[3]/aside/div[5]/a[2],當民進黨遇見狗,0
396,389,a,0,1,320,0.818414322251,0.850107066381,0.65625,1260,2096,300,34,"rgb(102,102,102)","rgba(0,0,0,0)",14,14,73,1,/html/body/div[2]/div[3]/aside/div[5]/a[3],再見《大釣哥》：最後的豬哥亮,0
397,389,a,0,1,322,0.823529411765,0.852248394004,0.65625,1260,2140,300,58,"rgb(102,102,102)","rgba(0,0,0,0)",17,17,76,1,/html/body/div[2]/div[3]/aside/div[5]/a[4],豬哥亮的賀歲片：國民父親與集體記憶,0
398,389,a,0,1,324,0.828644501279,0.854389721627,0.65625,1260,2208,300,58,"rgb(102,102,102)","rgba(0,0,0,0)",26,26,84,1,/html/body/div[2]/div[3]/aside/div[5]/a[5],李香誼／月台與池上便當──家鄉的第一道與最後一道風景,0
399,358,div,3,1,330,0.843989769821,0.856531049251,0.65625,1260,2291,300,402,"rgb(0,0,0)","rgba(0,0,0,0)",7,7,2035,1,/html/body/div[2]/div[3]/aside/div[6],鳴人堂臉書專頁,0
400,399,div,1,1,331,0.846547314578,0.858672376874,0.65625,1260,2291,300,37,"rgb(0,0,0)","rgba(0,0,0,0)",7,7,109,1,/html/body/div[2]/div[3]/aside/div[6]/div[1],鳴人堂臉書專頁,0
401,400,a,0,1,332,0.849104859335,0.860813704497,0.697916666667,1340,2291,140,37,"rgb(102,102,102)","rgba(0,0,0,0)",7,7,74,1,/html/body/div[2]/div[3]/aside/div[6]/div[1]/a,鳴人堂臉書專頁,0
402,399,div,2,1,334,0.854219948849,0.86295503212,0.65625,1260,2343,300,350,"rgb(0,0,0)","rgba(0,0,0,0)",0,0,1485,1,/html/body/div[2]/div[3]/aside/div[6]/div[2],,0
403,402,span,1,1,334,0.854219948849,0.865096359743,0.65625,1260,2343,300,350,"rgb(0,0,0)","rgba(0,0,0,0)",0,0,901,1,/html/body/div[2]/div[3]/aside/div[6]/div[2]/span,,0
404,403,iframe,0,1,334,0.854219948849,0.867237687366,0.65625,1260,2343,300,350,"rgb(0,0,0)","rgba(0,0,0,0)",0,0,827,1,/html/body/div[2]/div[3]/aside/div[6]/div[2]/span/iframe,,0
406,124,div,2,1,354,0.90537084399,0.871520342612,-5.2078125,-9999,6867.21875,146,48,"rgb(0,0,0)","rgba(0,0,0,0)",0,0,1068,1,/html/body/div[2]/div[4],,0
407,406,span,1,1,354,0.90537084399,0.873661670236,-5.2078125,-9999,6867.21875,146,48,"rgb(0,0,0)","rgba(0,0,0,0)",0,0,780,1,/html/body/div[2]/div[4]/span,,0
408,407,iframe,0,1,354,0.90537084399,0.875802997859,-5.2078125,-9999,6867.21875,146,48,"rgb(0,0,0)","rgba(0,0,0,0)",0,0,707,1,/html/body/div[2]/div[4]/span/iframe,,0
409,124,div,0,1,355,0.907928388747,0.877944325482,0.0,0,6867.21875,1920,0,"rgb(0,0,0)","rgba(0,0,0,0)",0,0,64,1,/html/body/div[2]/div[5],,0
410,124,footer,4,1,359,0.918158567775,0.880085653105,0.0,0,6927.21875,1920,153,"rgb(153,153,153)","rgba(0,0,0,0)",94,117,1095,1,/html/body/div[2]/footer,刊登網站廣告 ︱ 網站總覽 ︱ FAQ‧... Reserved.,0
411,410,div,3,1,360,0.920716112532,0.882226980728,0.1875,360,6927.21875,1200,153,"rgb(153,153,153)","rgba(0,0,0,0)",94,117,1044,1,/html/body/div[2]/footer/div,刊登網站廣告 ︱ 網站總覽 ︱ FAQ‧... Reserved.,0
412,411,div,2,1,361,0.923273657289,0.884368308351,0.229166666667,440,6988.21875,1040,32,"rgb(153,153,153)","rgba(0,0,0,0)",94,117,990,1,/html/body/div[2]/footer/div/div,刊登網站廣告 ︱ 網站總覽 ︱ FAQ‧... Reserved.,0
413,412,div,1,1,362,0.925831202046,0.886509635974,0.229166666667,440,6988.21875,1040,16,"rgb(153,153,153)","rgba(0,0,0,0)",57,73,874,1,/html/body/div[2]/footer/div/div/div,刊登網站廣告 ︱ 網站總覽 ︱ FAQ‧...於我們 ︱ 招募夥伴,0
414,413,a,0,1,362,0.925831202046,0.888650963597,0.229166666667,440,6988.21875,84,16,"rgb(153,153,153)","rgba(0,0,0,0)",6,6,61,1,/html/body/div[2]/footer/div/div/div/a[1],刊登網站廣告,0
415,413,a,0,1,363,0.928388746803,0.890792291221,0.284375,546,6988.21875,56,16,"rgb(153,153,153)","rgba(0,0,0,0)",4,4,64,1,/html/body/div[2]/footer/div/div/div/a[2],網站總覽,0
416,413,a,0,1,363,0.928388746803,0.892933618844,0.325,624,6988.21875,28,16,"rgb(153,153,153)","rgba(0,0,0,0)",3,3,64,1,/html/body/div[2]/footer/div/div/div/a[3],FAQ,0
417,413,a,0,1,364,0.93094629156,0.895074946467,0.341666666667,656,6988.21875,28,16,"rgb(153,153,153)","rgba(0,0,0,0)",2,2,63,1,/html/body/div[2]/footer/div/div/div/a[4],客服,0
418,413,a,0,1,364,0.93094629156,0.89721627409,0.367708333333,706,6988.21875,56,16,"rgb(153,153,153)","rgba(0,0,0,0)",4,4,71,1,/html/body/div[2]/footer/div/div/div/a[5],新聞授權,0
419,413,a,0,1,365,0.933503836317,0.899357601713,0.408333333333,784,6988.21875,56,16,"rgb(153,153,153)","rgba(0,0,0,0)",4,4,64,1,/html/body/div[2]/footer/div/div/div/a[6],服務條款,0
420,413,a,0,1,365,0.933503836317,0.901498929336,0.439583333333,844,6988.21875,42,16,"rgb(153,153,153)","rgba(0,0,0,0)",3,3,63,1,/html/body/div[2]/footer/div/div/div/a[7],著作權,0
421,413,a,0,1,365,0.933503836317,0.903640256959,0.463541666667,890,6988.21875,70,16,"rgb(153,153,153)","rgba(0,0,0,0)",5,5,79,1,/html/body/div[2]/footer/div/div/div/a[8],隱私權聲明,0
422,413,a,0,1,365,0.933503836317,0.905781584582,0.511458333333,982,6988.21875,56,16,"rgb(153,153,153)","rgba(0,0,0,0)",4,4,60,1,/html/body/div[2]/footer/div/div/div/a[9],聯合報系,0
423,413,a,0,1,366,0.936061381074,0.907922912206,0.552083333333,1060,6988.21875,42,16,"rgb(153,153,153)","rgba(0,0,0,0)",3,3,82,1,/html/body/div[2]/footer/div/div/div/a[10],訂報紙,0
424,413,a,0,1,367,0.938618925831,0.910064239829,0.585416666667,1124,6988.21875,56,16,"rgb(153,153,153)","rgba(0,0,0,0)",4,4,53,1,/html/body/div[2]/footer/div/div/div/a[11],關於我們,0
425,413,a,0,1,367,0.938618925831,0.912205567452,0.626041666667,1202,6988.21875,56,16,"rgb(153,153,153)","rgba(0,0,0,0)",4,4,67,1,/html/body/div[2]/footer/div/div/div/a[12],招募夥伴,0
426,412,b,0,1,369,0.943734015345,0.914346895075,0.229166666667,440,7004.21875,383,16,"rgb(153,153,153)","rgba(0,0,0,0)",37,43,50,1,/html/body/div[2]/footer/div/div/b,聯合線上公司 著作權所有 © udn.c... Reserved.,0
427,124,div,1,1,372,0.951406649616,0.916488222698,0.0,0,0,0,0,"rgb(68,68,68)","rgb(255,255,255)",3,3,90,0,/html/body/div[2]/div[6],TOP,0
428,427,div,0,1,373,0.953964194373,0.918629550321,0.0,0,0,0,0,"rgb(68,68,68)","rgba(0,0,0,0)",3,3,27,0,/html/body/div[2]/div[6]/div,TOP,0
429,427,span,0,1,373,0.953964194373,0.920770877944,0.0,0,0,0,0,"rgb(68,68,68)","rgba(0,0,0,0)",0,0,36,1,/html/body/div[2]/div[6]/span,,0
430,124,div,0,1,375,0.959079283887,0.922912205567,0.0,0,7080.21875,1920,0,"rgb(0,0,0)","rgba(0,0,0,0)",0,0,25,1,/html/body/div[2]/div[7],,0
443,78,div,0,1,391,1.0,0.950749464668,0.0,0,0,0,0,"rgb(0,0,0)","rgba(0,0,0,0)",0,0,51,0,/html/body/div[3],,0
444,78,div,4,1,391,1.0,0.952890792291,0.0,0,0,0,0,"rgb(0,0,0)","rgba(0,0,0,0)",0,0,1095,0,/html/body/div[4],,0
445,444,div,3,1,391,1.0,0.955032119914,0.0,0,0,0,0,"rgb(0,0,0)","rgba(0,0,0,0)",0,0,904,1,/html/body/div[4]/div[1],,0
446,445,div,1,1,391,1.0,0.957173447537,0.0,0,0,0,0,"rgb(0,0,0)","rgba(0,0,0,0)",0,0,161,1,/html/body/div[4]/div[1]/div[1],,0
447,446,div,0,1,391,1.0,0.959314775161,0.0,0,0,0,0,"rgb(0,0,0)","rgba(0,0,0,0)",0,0,49,1,/html/body/div[4]/div[1]/div[1]/div[1],,0
448,446,div,0,1,391,1.0,0.961456102784,0.0,0,0,0,0,"rgb(0,0,0)","rgba(0,0,0,0)",0,0,51,1,/html/body/div[4]/div[1]/div[1]/div[2],,0
449,446,div,0,1,391,1.0,0.963597430407,0.0,0,0,0,0,"rgb(0,0,0)","rgba(0,0,0,0)",0,0,50,1,/html/body/div[4]/div[1]/div[1]/div[3],,0
450,445,div,2,1,391,1.0,0.96573875803,0.0,0,0,0,0,"rgb(0,0,0)","rgba(0,0,0,0)",0,0,524,1,/html/body/div[4]/div[1]/div[2],,0
451,450,div,0,1,391,1.0,0.967880085653,0.0,0,0,0,0,"rgb(0,0,0)","rgba(0,0,0,0)",0,0,52,1,/html/body/div[4]/div[1]/div[2]/div[1],,0
452,450,div,1,1,391,1.0,0.970021413276,0.0,0,0,0,0,"rgb(0,0,0)","rgb(255,255,255)",0,0,387,1,/html/body/div[4]/div[1]/div[2]/div[2],,0
453,452,div,0,1,391,1.0,0.972162740899,0.0,0,0,0,0,"rgb(148,148,148)","rgba(0,0,0,0)",0,0,47,1,/html/body/div[4]/div[1]/div[2]/div[2]/div[1],,0
454,452,div,0,1,391,1.0,0.974304068522,0.0,0,0,0,0,"rgb(148,148,148)","rgba(0,0,0,0)",0,0,49,1,/html/body/div[4]/div[1]/div[2]/div[2]/div[2],,0
455,452,button,0,1,391,1.0,0.976445396146,0.0,0,0,0,0,"rgb(0,0,0)","rgba(0,0,0,0)",0,0,49,1,/html/body/div[4]/div[1]/div[2]/div[2]/button[1],,0
456,452,button,0,1,391,1.0,0.978586723769,0.0,0,0,0,0,"rgb(0,0,0)","rgba(0,0,0,0)",0,0,45,1,/html/body/div[4]/div[1]/div[2]/div[2]/button[2],,0
457,452,button,0,1,391,1.0,0.980728051392,0.0,0,0,0,0,"rgb(0,146,239)","rgb(192,192,192)",0,0,36,1,/html/body/div[4]/div[1]/div[2]/div[2]/button[3],,0
458,452,div,0,1,391,1.0,0.982869379015,0.0,0,0,0,0,"rgb(0,0,0)","rgba(0,0,0,0)",0,0,56,1,/html/body/div[4]/div[1]/div[2]/div[2]/div[3],,0
459,452,div,0,1,391,1.0,0.985010706638,0.0,0,0,0,0,"rgb(0,0,0)","rgba(0,0,0,0)",0,0,56,1,/html/body/div[4]/div[1]/div[2]/div[2]/div[4],,0
460,450,div,0,1,391,1.0,0.987152034261,0.0,0,0,0,0,"rgb(0,0,0)","rgba(0,0,0,0)",0,0,53,1,/html/body/div[4]/div[1]/div[2]/div[3],,0
461,445,div,1,1,391,1.0,0.989293361884,0.0,0,0,0,0,"rgb(0,0,0)","rgba(0,0,0,0)",0,0,191,1,/html/body/div[4]/div[1]/div[3],,0
462,461,div,0,1,391,1.0,0.991434689507,0.0,0,0,0,0,"rgb(0,0,0)","rgba(0,0,0,0)",0,0,52,1,/html/body/div[4]/div[1]/div[3]/div[1],,0
463,461,div,0,1,391,1.0,0.993576017131,0.0,0,0,0,0,"rgb(0,0,0)","rgba(0,0,0,0)",0,0,54,1,/html/body/div[4]/div[1]/div[3]/div[2],,0
464,461,div,0,1,391,1.0,0.995717344754,0.0,0,0,0,0,"rgb(0,0,0)","rgba(0,0,0,0)",0,0,53,1,/html/body/div[4]/div[1]/div[3]/div[3],,0
465,444,div,0,1,391,1.0,0.997858672377,0.0,0,0,0,0,"rgb(0,0,0)","rgba(0,0,0,0)",0,0,106,0,/html/body/div[4]/div[2],,0
466,78,iframe,0,1,391,1.0,1.0,0.0,0,0,0,0,"rgb(0,0,0)","rgba(0,0,0,0)",0,0,139,0,/html/body/iframe,,0
